# The 144 specified mutation obligations of P01–P22, enumerated.
#
# ===========================================================================
# WHY THIS FILE EXISTS BESIDE register.tsv
# ===========================================================================
# build/proof/register.tsv enumerates the twenty-two PROOF TESTS and counts
# their mutants. It does not name them. So "P17 has 0 of 19" is auditable as
# arithmetic and not as evidence: nothing in the repository said which nineteen,
# what each one changes, or what is supposed to catch it.
#
# This file is that enumeration, one row per specified mutation, and it is the
# single source of truth for the mutation set. docs/testing-strategy.md §4
# carries the tables for P01–P15; §4.3 states that P16–P22 "are specified in
# full by their owning ADRs and are cited here, not restated", so their sixty-
# five mutants live in ADR-0016, -0017, -0019, -0020, -0021, -0022 and -0023.
# A catalogue built from testing-strategy.md alone is sixty-four rows short and
# looks complete, which is exactly the failure this file exists to prevent.
#
# MUTATION and EXPECTED_ORACLE are transcribed VERBATIM from those tables' two
# columns (rule PT-4: a consumed conformance surface is not re-derived). Only
# markdown markup is stripped.
#
# ===========================================================================
# 144 SPECIFIED, 143 DISTINCT PATCHES
# ===========================================================================
# §4.3: "M-P20-3 (remove-then-add instead of atomic swap) is THE SAME MUTANT as
# M-P09-3, declared as shared so it is not counted twice as independent
# evidence." Both ids are rows here, because dropping one breaks the count §4
# calls load-bearing; M-P20-3 carries STATUS `SHARED-WITH:M-P09-3` so that one
# patch can never be counted as two pieces of evidence.
#
# The per-proof counts reconcile with register.tsv's MUT_SPEC column exactly:
#   P01 4  P02 5  P03 5  P04 5  P05 5  P06 9  P07 5  P08 4  P09 3  P10 7
#   P11 5  P12 5  P13 5  P14 4  P15 8  P16 6  P17 19 P18 10 P19 6  P20 7
#   P21 6  P22 11                                                = 144
# build/proof/mutation-gate.sh asserts that reconciliation on every run.
#
# ===========================================================================
# THE STATUS VOCABULARY — AND WHY THERE IS NO WORD THAT COULD BE MISREAD
# ===========================================================================
# A specification entry with no executable implementation is UNDISCHARGED. It is
# not a pass, it is not a skip, and it must never be counted alongside a killed
# mutant. STATUS here is the IMPLEMENTATION state; the EXECUTION verdict
# (killed / survived / timeout / unviable / not-executed) is decided by
# build/proof/run-mutants.sh at run time and reported by mutation-gate.sh, which
# also fails if the two disagree.
#
#   IMPLEMENTED           a patch for this id exists in build/mutants/. OWNER
#                         names the workspace and the cargo command that must
#                         fail against it. Whether it is actually KILLED is the
#                         run's verdict, never this file's claim.
#   SHARED-WITH:<id>      §4.3 declares this obligation to be the same mutant as
#                         <id>. One patch, one piece of evidence, two rows.
#   MISSING-UNIMPLEMENTED no patch exists, and the OWNING PROOF TEST has at
#                         least one evidence command that runs on a plain Linux
#                         runner. That is a triage hint about the proof, NOT a
#                         claim that this particular mutant is catchable by it:
#                         the NEEDS column is the authority on what is absent,
#                         and for most of these rows it names infrastructure the
#                         runner does not have. UNDISCHARGED either way.
#   MISSING-NO-ORACLE     no patch exists and the owning proof test has no
#                         runnable evidence command at all, or this row's NEEDS
#                         names the specific missing assertion that was checked
#                         against the code and found unable to see the defect.
#                         UNDISCHARGED.
#
# Both MISSING states count identically in every total mutation-gate.sh prints.
# The split exists so the next person knows where to start, not so one of them
# can be read as nearly-done.
#
# NEEDS is per-row where this catalogue's author verified the reason against the
# code and the candidate oracle; otherwise it is the owning register row's NEEDS
# column, which is that proof test's own statement of what is absent.
#
# Columns, tab-separated:
#   ID  PROOF  COMPONENT  REQUIREMENT  MUTATION  EXPECTED_ORACLE  OWNER  STATUS  NEEDS
#
M-P01-1	P01	core/twinvpn-path — candidate gathering and the NAT-traversal ladder	ADR-0004 §11.6 — a direct path is established where the NAT class allows one, with both families and the relay gathered in parallel from t=0	Relay candidate gathered only after direct-path timeout	Time-to-first-byte exceeds T_RELAY_FIRST_TRAFFIC on relay pairs; ledger shows serial gathering	core::cargo test -q -p twinvpn-path --test ladder gathering_starts_both_families_and_the_relay_at_the_same_instant	IMPLEMENTED	-
M-P01-2	P01	core/twinvpn-path — candidate gathering and the NAT-traversal ladder	ADR-0004 §11.6 — a direct path is established where the NAT class allows one, with both families and the relay gathered in parallel from t=0	Candidate racing serialized (one pair at a time)	DIRECT_POSSIBLE budgets in §3.6 breached; T_CONNECT expiries appear	core::cargo test -q -p twinvpn-path --test ladder every_pair_is_scheduled_at_once_staggered_only_by_the_250ms_family_bias	IMPLEMENTED	-
M-P01-3	P01	core/twinvpn-path — candidate gathering and the NAT-traversal ladder	ADR-0004 §11.6 — a direct path is established where the NAT class allows one, with both families and the relay gathered in parallel from t=0	IPv6 candidates deprioritized below IPv4	Dual-stack scenarios select v4; the T_HE_BIAS assertion fails	core::cargo test -q -p twinvpn-path --test ladder native_ipv6_outranks_everything_and_the_relay_is_the_floor	IMPLEMENTED	-
M-P01-4	P01	core/twinvpn-path — candidate gathering and the NAT-traversal ladder	ADR-0004 §11.6 — a direct path is established where the NAT class allows one, with both families and the relay gathered in parallel from t=0	NAT keepalive fixed at 300 s	The 120 s re-drive fails on the 30 s-lifetime personality with a NAT.* code	-	MISSING-NO-ORACLE	no assertion of any kind: no NAT keepalive interval is modelled in twinvpn-path, and the 120 s re-drive against a 30 s-lifetime mapping needs a middlebox namespace with per-personality mapping-lifetime timers.
M-P02-1	P02	core/twinvpn-relay-client — relay discovery and selection	ADR-0006 §11.16 — a symmetric-NAT pair reaches RELAYED with no user action and no control-plane call	Relay fallback gated behind a user prompt	"No user action" assertion fails	-	MISSING-UNIMPLEMENTED	symmetric-NAT-both-ends namespaces; real relay processes with warm sessions; a control-plane blackhole applied to a live agent. The `RelaySelected{top_k[]}` event does not exist in the codebase, so a third of ADR-0006's own oracle is unassertable and M-P02-5 cannot be written.
M-P02-2	P02	core/twinvpn-relay-client — relay discovery and selection	ADR-0006 §11.16 — a symmetric-NAT pair reaches RELAYED with no user action and no control-plane call	Relay set reduced to one entry at the edge	Precondition assertion fails; §11.1 rule 3 violated	-	MISSING-UNIMPLEMENTED	symmetric-NAT-both-ends namespaces; real relay processes with warm sessions; a control-plane blackhole applied to a live agent. The `RelaySelected{top_k[]}` event does not exist in the codebase, so a third of ADR-0006's own oracle is unassertable and M-P02-5 cannot be written.
M-P02-3	P02	core/twinvpn-relay-client — relay discovery and selection	ADR-0006 §11.16 — a symmetric-NAT pair reaches RELAYED with no user action and no control-plane call	Relay selection requires a live control-plane call	Blackholed variant never reaches RELAYED; I5 violated	-	MISSING-UNIMPLEMENTED	symmetric-NAT-both-ends namespaces; real relay processes with warm sessions; a control-plane blackhole applied to a live agent. The `RelaySelected{top_k[]}` event does not exist in the codebase, so a third of ADR-0006's own oracle is unassertable and M-P02-5 cannot be written.
M-P02-4	P02	core/twinvpn-relay-client — relay discovery and selection	ADR-0006 §11.16 — a symmetric-NAT pair reaches RELAYED with no user action and no control-plane call	Transport ladder stops after UDP:443	S-NET-UDPBLOCKED-* fails to connect; R-18 unmet	-	MISSING-UNIMPLEMENTED	symmetric-NAT-both-ends namespaces; real relay processes with warm sessions; a control-plane blackhole applied to a live agent. The `RelaySelected{top_k[]}` event does not exist in the codebase, so a third of ADR-0006's own oracle is unassertable and M-P02-5 cannot be written.
M-P02-5	P02	core/twinvpn-relay-client — relay discovery and selection	ADR-0006 §11.16 — a symmetric-NAT pair reaches RELAYED with no user action and no control-plane call	RelaySelected omitted or lacking top_k[]	Auditability oracle fails (R-23)	-	MISSING-UNIMPLEMENTED	symmetric-NAT-both-ends namespaces; real relay processes with warm sessions; a control-plane blackhole applied to a live agent. The `RelaySelected{top_k[]}` event does not exist in the codebase, so a third of ADR-0006's own oracle is unassertable and M-P02-5 cannot be written.
M-P03-1	P03	core/twinvpn-relay-client + services/relay — relay failover	ADR-0006 §11.16 — relay failover preserves session_id and keys across four failure modes	Failover implemented as teardown + reconnect	DISCONNECTED/RECONNECTING appears; session_id changes	-	MISSING-UNIMPLEMENTED	four distinct relay-process failure modes against real relay processes; in-flight inner-TCP survival across the cutover; dual packet captures; seeded region-spread. RELAY.FAILOVER.COMPLETED is registered and asserted by nothing. M-P03-4 (grey stall) and M-P03-5 have no catching test.
M-P03-2	P03	core/twinvpn-relay-client + services/relay — relay failover	ADR-0006 §11.16 — relay failover preserves session_id and keys across four failure modes	Tunnel rekeyed on relay change	A CRYPTO.* handshake event appears	-	MISSING-UNIMPLEMENTED	four distinct relay-process failure modes against real relay processes; in-flight inner-TCP survival across the cutover; dual packet captures; seeded region-spread. RELAY.FAILOVER.COMPLETED is registered and asserted by nothing. M-P03-4 (grey stall) and M-P03-5 have no catching test.
M-P03-3	P03	core/twinvpn-relay-client + services/relay — relay failover	ADR-0006 §11.16 — relay failover preserves session_id and keys across four failure modes	Standby selected in the same failure_domain	Region variant loses both relays; to.failure_domain == from.failure_domain	-	MISSING-UNIMPLEMENTED	four distinct relay-process failure modes against real relay processes; in-flight inner-TCP survival across the cutover; dual packet captures; seeded region-spread. RELAY.FAILOVER.COMPLETED is registered and asserted by nothing. M-P03-4 (grey stall) and M-P03-5 have no catching test.
M-P03-4	P03	core/twinvpn-relay-client + services/relay — relay failover	ADR-0006 §11.16 — relay failover preserves session_id and keys across four failure modes	Only hard failure detected (grey stall ignored)	The accept-then-stall mode never triggers failover; traffic stops with no state change	-	MISSING-UNIMPLEMENTED	four distinct relay-process failure modes against real relay processes; in-flight inner-TCP survival across the cutover; dual packet captures; seeded region-spread. RELAY.FAILOVER.COMPLETED is registered and asserted by nothing. M-P03-4 (grey stall) and M-P03-5 have no catching test.
M-P03-5	P03	core/twinvpn-relay-client + services/relay — relay failover	ADR-0006 §11.16 — relay failover preserves session_id and keys across four failure modes	Failover requires a relay-selection-service call	Blackholed variant fails; I5 violated	-	MISSING-UNIMPLEMENTED	four distinct relay-process failure modes against real relay processes; in-flight inner-TCP survival across the cutover; dual packet captures; seeded region-spread. RELAY.FAILOVER.COMPLETED is registered and asserted by nothing. M-P03-4 (grey stall) and M-P03-5 have no catching test.
M-P04-1	P04	core/twinvpn-session — unattended reconnect and the T20 cause code	docs/reliability.md §4.5 T20 — every fault class recovers unattended and every bad-state entry carries a discriminating cause	Reconnect requires user action after N attempts	Unattended assertion fails	-	MISSING-UNIMPLEMENTED	a real supervised agent to SIGKILL and restart; namespace reboot; on-disk Endpoint cache across a reboot; wire corroboration of zero egress under FAIL_CLOSED. The four-variant `caused_by` DISCRIMINATION - the defect M-P04-5 exists to catch - is not asserted.
M-P04-2	P04	core/twinvpn-session — unattended reconnect and the T20 cause code	docs/reliability.md §4.5 T20 — every fault class recovers unattended and every bad-state entry carries a discriminating cause	Backoff without jitter	Attempt timestamps are exactly periodic; herd behaviour visible with 16 devices	-	MISSING-UNIMPLEMENTED	a real supervised agent to SIGKILL and restart; namespace reboot; on-disk Endpoint cache across a reboot; wire corroboration of zero egress under FAIL_CLOSED. The four-variant `caused_by` DISCRIMINATION - the defect M-P04-5 exists to catch - is not asserted.
M-P04-3	P04	core/twinvpn-session — unattended reconnect and the T20 cause code	docs/reliability.md §4.5 T20 — every fault class recovers unattended and every bad-state entry carries a discriminating cause	Endpoint cache not persisted	Variants (c)/(d) require the control plane; blackholed variant never recovers	-	MISSING-UNIMPLEMENTED	a real supervised agent to SIGKILL and restart; namespace reboot; on-disk Endpoint cache across a reboot; wire corroboration of zero egress under FAIL_CLOSED. The four-variant `caused_by` DISCRIMINATION - the defect M-P04-5 exists to catch - is not asserted.
M-P04-4	P04	core/twinvpn-session — unattended reconnect and the T20 cause code	docs/reliability.md §4.5 T20 — every fault class recovers unattended and every bad-state entry carries a discriminating cause	RECONNECTING entered without a Diagnostic	A-16 assertion fails	core::cargo test -q -p twinvpn-session --test no_silent_failure no_reachable_move_is_silent_and_every_record_is_well_formed	IMPLEMENTED	-
M-P04-5	P04	core/twinvpn-session — unattended reconnect and the T20 cause code	docs/reliability.md §4.5 T20 — every fault class recovers unattended and every bad-state entry carries a discriminating cause	T20 omits the caused_by evidence field, or emits the same caused_by for all four variants	The discrimination assertion fails; R-22 unmet even though A-16 is satisfied, because a single state code without the cause in evidence cannot tell a user *why* the path died	-	MISSING-UNIMPLEMENTED	a real supervised agent to SIGKILL and restart; namespace reboot; on-disk Endpoint cache across a reboot; wire corroboration of zero egress under FAIL_CLOSED. The four-variant `caused_by` DISCRIMINATION - the defect M-P04-5 exists to catch - is not asserted.
M-P05-1	P05	core/twinvpn-session + core/twinvpn-path — path migration and roaming	ADR-0006 §11.10 + §11.17 — an address change migrates the path without teardown, re-handshake or session_id change	Address change triggers teardown + reconnect	DISCONNECTED/RECONNECTING appears; session_id changes; TCP resets	-	MISSING-UNIMPLEMENTED	a veth leg moved between access bridges with re-addressing; an inner TCP stream with per-packet markers driven across the cutover; NAT mapping-expiry injection; a real agent event stream. The cross-family v4-only to v6-only roam (V5) and the measured T_MIGRATE_QUEUE loss bound are not asserted.
M-P05-2	P05	core/twinvpn-session + core/twinvpn-path — path migration and roaming	ADR-0006 §11.10 + §11.17 — an address change migrates the path without teardown, re-handshake or session_id change	Migration commits before path validation	Traffic is emitted on an unvalidated path; the black-hole roam variant loses the session	-	MISSING-UNIMPLEMENTED	a veth leg moved between access bridges with re-addressing; an inner TCP stream with per-packet markers driven across the cutover; NAT mapping-expiry injection; a real agent event stream. The cross-family v4-only to v6-only roam (V5) and the measured T_MIGRATE_QUEUE loss bound are not asserted.
M-P05-3	P05	core/twinvpn-session + core/twinvpn-path — path migration and roaming	ADR-0006 §11.10 + §11.17 — an address change migrates the path without teardown, re-handshake or session_id change	Break-before-make (old path released first)	Loss exceeds the T_MIGRATE_QUEUE bound even when the old path was alive	-	MISSING-UNIMPLEMENTED	a veth leg moved between access bridges with re-addressing; an inner TCP stream with per-packet markers driven across the cutover; NAT mapping-expiry injection; a real agent event stream. The cross-family v4-only to v6-only roam (V5) and the measured T_MIGRATE_QUEUE loss bound are not asserted.
M-P05-4	P05	core/twinvpn-session + core/twinvpn-path — path migration and roaming	ADR-0006 §11.10 + §11.17 — an address change migrates the path without teardown, re-handshake or session_id change	Re-handshake on migration	A CRYPTO.* handshake event appears	-	MISSING-UNIMPLEMENTED	a veth leg moved between access bridges with re-addressing; an inner TCP stream with per-packet markers driven across the cutover; NAT mapping-expiry injection; a real agent event stream. The cross-family v4-only to v6-only roam (V5) and the measured T_MIGRATE_QUEUE loss bound are not asserted.
M-P05-5	P05	core/twinvpn-session + core/twinvpn-path — path migration and roaming	ADR-0006 §11.10 + §11.17 — an address change migrates the path without teardown, re-handshake or session_id change	Upgrade path implemented as reconnect-as-direct	The upgrade variant shows RELAYED → RECONNECTING → WAN_DIRECT	-	MISSING-UNIMPLEMENTED	a veth leg moved between access bridges with re-addressing; an inner TCP stream with per-packet markers driven across the cutover; NAT mapping-expiry injection; a real agent event stream. The cross-family v4-only to v6-only roam (V5) and the measured T_MIGRATE_QUEUE loss bound are not asserted.
M-P06-1	P06	core/twinvpn-gateway — multi-client gateway data plane	ADR-0013 §11.16 — many paired devices share one gateway concurrently, isolated, attributed and fairly scheduled	Peers serialized / queued	Concurrency oracle fails	-	MISSING-UNIMPLEMENTED	16 and 64 real paired devices on one gateway; a full twin0 capture; uplink saturation with a noisy neighbour; conntrack pressure. The DESIGNATED fairness oracle gw_peer_floor_share_bps / gw_peer_achieved_bps does not exist in the codebase, nor does any gw_* metric, and there is no forwarding data plane - so M-P06-2, -5, -6, -8 and -9 have nothing to assert against.
M-P06-2	P06	core/twinvpn-gateway — multi-client gateway data plane	ADR-0013 §11.16 — many paired devices share one gateway concurrently, isolated, attributed and fairly scheduled	Per-peer interfaces	Single-interface oracle fails	-	MISSING-UNIMPLEMENTED	16 and 64 real paired devices on one gateway; a full twin0 capture; uplink saturation with a noisy neighbour; conntrack pressure. The DESIGNATED fairness oracle gw_peer_floor_share_bps / gw_peer_achieved_bps does not exist in the codebase, nor does any gw_* metric, and there is no forwarding data plane - so M-P06-2, -5, -6, -8 and -9 have nothing to assert against.
M-P06-3	P06	core/twinvpn-gateway — multi-client gateway data plane	ADR-0013 §11.16 — many paired devices share one gateway concurrently, isolated, attributed and fairly scheduled	Inter-peer transit open by default	Isolation oracle fails	-	MISSING-UNIMPLEMENTED	16 and 64 real paired devices on one gateway; a full twin0 capture; uplink saturation with a noisy neighbour; conntrack pressure. The DESIGNATED fairness oracle gw_peer_floor_share_bps / gw_peer_achieved_bps does not exist in the codebase, nor does any gw_* metric, and there is no forwarding data plane - so M-P06-2, -5, -6, -8 and -9 have nothing to assert against.
M-P06-4	P06	core/twinvpn-gateway — multi-client gateway data plane	ADR-0013 §11.16 — many paired devices share one gateway concurrently, isolated, attributed and fairly scheduled	Inner source header trusted	Anti-spoofing oracle fails	-	MISSING-UNIMPLEMENTED	16 and 64 real paired devices on one gateway; a full twin0 capture; uplink saturation with a noisy neighbour; conntrack pressure. The DESIGNATED fairness oracle gw_peer_floor_share_bps / gw_peer_achieved_bps does not exist in the codebase, nor does any gw_* metric, and there is no forwarding data plane - so M-P06-2, -5, -6, -8 and -9 have nothing to assert against.
M-P06-5	P06	core/twinvpn-gateway — multi-client gateway data plane	ADR-0013 §11.16 — many paired devices share one gateway concurrently, isolated, attributed and fairly scheduled	Single global counter set	Accounting attribution fails	-	MISSING-UNIMPLEMENTED	16 and 64 real paired devices on one gateway; a full twin0 capture; uplink saturation with a noisy neighbour; conntrack pressure. The DESIGNATED fairness oracle gw_peer_floor_share_bps / gw_peer_achieved_bps does not exist in the codebase, nor does any gw_* metric, and there is no forwarding data plane - so M-P06-2, -5, -6, -8 and -9 have nothing to assert against.
M-P06-6	P06	core/twinvpn-gateway — multi-client gateway data plane	ADR-0013 §11.16 — many paired devices share one gateway concurrently, isolated, attributed and fairly scheduled	Shared FIFO scheduler	Fairness p99 breached by the noisy neighbour	-	MISSING-UNIMPLEMENTED	16 and 64 real paired devices on one gateway; a full twin0 capture; uplink saturation with a noisy neighbour; conntrack pressure. The DESIGNATED fairness oracle gw_peer_floor_share_bps / gw_peer_achieved_bps does not exist in the codebase, nor does any gw_* metric, and there is no forwarding data plane - so M-P06-2, -5, -6, -8 and -9 have nothing to assert against.
M-P06-7	P06	core/twinvpn-gateway — multi-client gateway data plane	ADR-0013 §11.16 — many paired devices share one gateway concurrently, isolated, attributed and fairly scheduled	Shared conntrack table	B's flows fail when A exhausts quota	-	MISSING-UNIMPLEMENTED	16 and 64 real paired devices on one gateway; a full twin0 capture; uplink saturation with a noisy neighbour; conntrack pressure. The DESIGNATED fairness oracle gw_peer_floor_share_bps / gw_peer_achieved_bps does not exist in the codebase, nor does any gw_* metric, and there is no forwarding data plane - so M-P06-2, -5, -6, -8 and -9 have nothing to assert against.
M-P06-8	P06	core/twinvpn-gateway — multi-client gateway data plane	ADR-0013 §11.16 — many paired devices share one gateway concurrently, isolated, attributed and fairly scheduled	Addresses leased rather than derived	DHCP frames appear on twin0; restart renumbers	-	MISSING-UNIMPLEMENTED	16 and 64 real paired devices on one gateway; a full twin0 capture; uplink saturation with a noisy neighbour; conntrack pressure. The DESIGNATED fairness oracle gw_peer_floor_share_bps / gw_peer_achieved_bps does not exist in the codebase, nor does any gw_* metric, and there is no forwarding data plane - so M-P06-2, -5, -6, -8 and -9 have nothing to assert against.
M-P06-9	P06	core/twinvpn-gateway — multi-client gateway data plane	ADR-0013 §11.16 — many paired devices share one gateway concurrently, isolated, attributed and fairly scheduled	Policy evaluated at connect time only	In-flight revocation does not take effect	-	MISSING-UNIMPLEMENTED	16 and 64 real paired devices on one gateway; a full twin0 capture; uplink saturation with a noisy neighbour; conntrack pressure. The DESIGNATED fairness oracle gw_peer_floor_share_bps / gw_peer_achieved_bps does not exist in the codebase, nor does any gw_* metric, and there is no forwarding data plane - so M-P06-2, -5, -6, -8 and -9 have nothing to assert against.
M-P07-1	P07	core/twinvpn-enforce + core/twinvpn-route — kill switch and leak prevention	ADR-0012 §11.9 — zero marked bytes leave off-tunnel in every variant, in both families, with a green positive control	Tier-2 object omits the v6 filter	v6 deny counter never increments; marked bytes appear on the wire	core::cargo test -q -p twinvpn-enforce --test fail_closed tier_2_permits_only_the_overlay_interface_and_names_no_prefix	IMPLEMENTED	-
M-P07-2	P07	core/twinvpn-enforce + core/twinvpn-route — kill switch and leak prevention	ADR-0012 §11.9 — zero marked bytes leave off-tunnel in every variant, in both families, with a green positive control	Tier 1 prefix-enumerated rather than complement-form in full-tunnel mode	A destination outside the enumeration leaks	core::cargo test -q -p twinvpn-enforce --test fail_closed full_tunnel_tier_1_is_complement_form_and_never_prefix_enumerated	IMPLEMENTED	-
M-P07-3	P07	core/twinvpn-enforce + core/twinvpn-route — kill switch and leak prevention	ADR-0012 §11.9 — zero marked bytes leave off-tunnel in every variant, in both families, with a green positive control	Rules are destination-prefix allow-lists rather than interface-scoped	Variants (b)/(c) leak until the 1 s re-assertion, and the ruleset_digest changes	core::cargo test -q -p twinvpn-enforce --test fail_closed tier_2_permits_only_the_overlay_interface_and_names_no_prefix	IMPLEMENTED	-
M-P07-4	P07	core/twinvpn-enforce + core/twinvpn-route — kill switch and leak prevention	ADR-0012 §11.9 — zero marked bytes leave off-tunnel in every variant, in both families, with a green positive control	v4-only tunnel leaves v6 open instead of blocking (DEGRADED suppressed)	Variant (d) leaks and reports connected	core::cargo test -q -p twinvpn-enforce --test fail_closed a_missing_family_is_never_reported_as_protected	IMPLEMENTED	-
M-P07-5	P07	core/twinvpn-enforce + core/twinvpn-route — kill switch and leak prevention	ADR-0012 §11.9 — zero marked bytes leave off-tunnel in every variant, in both families, with a green positive control	Absent per-family grant treated as permission	Variant (e) leaks; KS-8 violated	core::cargo test -q -p twinvpn-route --test both_families a_one_family_exit_grant_blocks_the_other_family_rather_than_leaking_it	IMPLEMENTED	-
M-P08-1	P08	core/twinvpn-dns — DNS containment and scope separation	ADR-0011 §11.12 — no protected-scope query reaches an off-tunnel resolver on any channel or family	Egress permitted to the DHCP-supplied resolver while armed	Negative canary counter does not increment; queries appear on the wire	-	MISSING-UNIMPLEMENTED	a host resolver actually pointed at the stub; a reachable off-tunnel resolver; capture on 53/853 and the DoH list in both families; a captive portal with a real exemption window; Android and Windows hosts for the platform bypass channels. The positive canary that makes an inert-resolver pass impossible (V3) is not implemented.
M-P08-2	P08	core/twinvpn-dns — DNS containment and scope separation	ADR-0011 §11.12 — no protected-scope query reaches an off-tunnel resolver on any channel or family	Portal-window answers cached into protected resolution	Portal variant serves a portal-scope answer to a protected-scope query (DN-1 violated)	-	MISSING-UNIMPLEMENTED	a host resolver actually pointed at the stub; a reachable off-tunnel resolver; capture on 53/853 and the DoH list in both families; a captive portal with a real exemption window; Android and Windows hosts for the platform bypass channels. The positive canary that makes an inert-resolver pass impossible (V3) is not implemented.
M-P08-3	P08	core/twinvpn-dns — DNS containment and scope separation	ADR-0011 §11.12 — no protected-scope query reaches an off-tunnel resolver on any channel or family	Falls back to the host resolver on stub failure	DN-10 clause 1 violated; off-tunnel query observed	-	MISSING-UNIMPLEMENTED	a host resolver actually pointed at the stub; a reachable off-tunnel resolver; capture on 53/853 and the DoH list in both families; a captive portal with a real exemption window; Android and Windows hosts for the platform bypass channels. The positive canary that makes an inert-resolver pass impossible (V3) is not implemented.
M-P08-4	P08	core/twinvpn-dns — DNS containment and scope separation	ADR-0011 §11.12 — no protected-scope query reaches an off-tunnel resolver on any channel or family	Containment covers v4 only	AAAA canary leaks; V5 failure	-	MISSING-UNIMPLEMENTED	a host resolver actually pointed at the stub; a reachable off-tunnel resolver; capture on 53/853 and the DoH list in both families; a captive portal with a real exemption window; Android and Windows hosts for the platform bypass channels. The positive canary that makes an inert-resolver pass impossible (V3) is not implemented.
M-P09-1	P09	core/twinvpn-platform + platform shells — enforcement durability	ADR-0012 §11.9 + §11.6 — enforcement outlives the agent process, the installer and the boot window	Enforcement is process-resident (E4)	Procedures A, B and D leak the instant the process is gone	-	MISSING-UNIMPLEMENTED	a real agent to SIGKILL and hold down 60s; a real installer with an interrupted-mid-write variant; reboot with the generator ordered before the agent; 1ms rule-set sampling; Windows, macOS, OpenWrt and Android hosts; an iOS device farm with a lab AP for the companion-host capture. Only procedure C's atomic-swap oracle is genuinely asserted; A, B and D reduce to declared-custody facts.
M-P09-2	P09	core/twinvpn-platform + platform shells — enforcement durability	ADR-0012 §11.9 + §11.6 — enforcement outlives the agent process, the installer and the boot window	Boot rule set installed by the agent rather than the OS artifact	Procedure D leaks in the pre-agent window; deny counters are zero before the agent's first event	-	MISSING-UNIMPLEMENTED	a real agent to SIGKILL and hold down 60s; a real installer with an interrupted-mid-write variant; reboot with the generator ordered before the agent; 1ms rule-set sampling; Windows, macOS, OpenWrt and Android hosts; an iOS device farm with a lab AP for the companion-host capture. Only procedure C's atomic-swap oracle is genuinely asserted; A, B and D reduce to declared-custody facts.
M-P09-3	P09	core/twinvpn-platform + platform shells — enforcement durability	ADR-0012 §11.9 + §11.6 — enforcement outlives the agent process, the installer and the boot window	Update path removes-then-adds instead of swapping atomically (KS-23)	Procedure C shows a sampled gap; the interrupted variant leaves no rule set at all	-	MISSING-UNIMPLEMENTED	a real agent to SIGKILL and hold down 60s; a real installer with an interrupted-mid-write variant; reboot with the generator ordered before the agent; 1ms rule-set sampling; Windows, macOS, OpenWrt and Android hosts; an iOS device farm with a lab AP for the companion-host capture. Only procedure C's atomic-swap oracle is genuinely asserted; A, B and D reduce to declared-custody facts.
M-P10-1	P10	core/twinvpn-trust — revocation enforced at the peer	ADR-0007 §7.7 — a revoked device is excluded at the peer, not only at the control plane	Revocation enforced only at the control plane	Variants (b) and (c) admit R	-	MISSING-UNIMPLEMENTED	three paired devices with an established connection before revocation; a partitionable control plane; a peer-to-peer propagation path with A cut off but reachable by B; a virtual clock past 30 days; handshake wire capture. M-P10-4, -5, -6 and -7 have no catching test.
M-P10-2	P10	core/twinvpn-trust — revocation enforced at the peer	ADR-0007 §7.7 — a revoked device is excluded at the peer, not only at the control plane	EpochSeed derived from a TwinNet-wide secret rather than pairwise + sealed	R derives the epoch-e PSK; the structural assertion fails (ADR-0007 §7.7's correction to ADR-0001 §7.5)	-	MISSING-UNIMPLEMENTED	three paired devices with an established connection before revocation; a partitionable control plane; a peer-to-peer propagation path with A cut off but reachable by B; a virtual clock past 30 days; handshake wire capture. M-P10-4, -5, -6 and -7 have no catching test.
M-P10-3	P10	core/twinvpn-trust — revocation enforced at the peer	ADR-0007 §7.7 — a revoked device is excluded at the peer, not only at the control plane	trust_epoch accepted non-monotonically	Variant (d) succeeds; no AUTH.TRUST_EPOCH_ROLLBACK	-	MISSING-UNIMPLEMENTED	three paired devices with an established connection before revocation; a partitionable control plane; a peer-to-peer propagation path with A cut off but reachable by B; a virtual clock past 30 days; handshake wire capture. M-P10-4, -5, -6 and -7 have no catching test.
M-P10-4	P10	core/twinvpn-trust — revocation enforced at the peer	ADR-0007 §7.7 — a revoked device is excluded at the peer, not only at the control plane	Peer-relayed TrustEpochBundle not implemented	Variant (b) exceeds the 120 s bound	-	MISSING-UNIMPLEMENTED	three paired devices with an established connection before revocation; a partitionable control plane; a peer-to-peer propagation path with A cut off but reachable by B; a virtual clock past 30 days; handshake wire capture. M-P10-4, -5, -6 and -7 have no catching test.
M-P10-5	P10	core/twinvpn-trust — revocation enforced at the peer	ADR-0007 §7.7 — a revoked device is excluded at the peer, not only at the control plane	Revocation tears down established Sessions	Variant (e) violates I5	-	MISSING-UNIMPLEMENTED	three paired devices with an established connection before revocation; a partitionable control plane; a peer-to-peer propagation path with A cut off but reachable by B; a virtual clock past 30 days; handshake wire capture. M-P10-4, -5, -6 and -7 have no catching test.
M-P10-6	P10	core/twinvpn-trust — revocation enforced at the peer	ADR-0007 §7.7 — a revoked device is excluded at the peer, not only at the control plane	A build that does not suspend grants at T_TRUST_HARD - trust state expires and exit egress still works	Variant (c): caught by the absence of the grant-refusal codes; without it the consequence bound is prose	-	MISSING-UNIMPLEMENTED	three paired devices with an established connection before revocation; a partitionable control plane; a peer-to-peer propagation path with A cut off but reachable by B; a virtual clock past 30 days; handshake wire capture. M-P10-4, -5, -6 and -7 have no catching test.
M-P10-7	P10	core/twinvpn-trust — revocation enforced at the peer	ADR-0007 §7.7 — a revoked device is excluded at the peer, not only at the control plane	A build that suspends grants on the PolicyBundle's not_after_ms only, ignoring T_TRUST_HARD	With not_after_ms 90 d and T_TRUST_HARD 30 d the grants must still suspend at 30 d - the effective time is min(bundle not_after_ms, T_TRUST_HARD) (ADR-0009 §11.4)	-	MISSING-UNIMPLEMENTED	three paired devices with an established connection before revocation; a partitionable control plane; a peer-to-peer propagation path with A cut off but reachable by B; a virtual clock past 30 days; handshake wire capture. M-P10-4, -5, -6 and -7 have no catching test.
M-P11-1	P11	core/twinvpn-crypto — handshake, transcript and capability negotiation	ADR-0014 §7.1 (T1-T5) + §7.2 — an on-path rewrite of the negotiation fails closed at the named layer	Negotiation binds only the *selected* set, not the full advertisement (alternative VB-3)	T2 and T3 succeed at the reduced set — the downgrade goes undetected. This is the single most important mutant in P11, because VB-3 passes T1, T4 and T5 and is therefore indistinguishable from the correct design under any test that omits T2/T3	-	MISSING-UNIMPLEMENTED	an on-path rewriter in a transit namespace between two real agents; wire confirmation that each mutation reached the peer before the assertion is evaluated (V3); both directions, both families, 20 runs. M-P11-1 - "the single most important mutant in P11" - is asserted only structurally: no test rewrites both maxima and shows the handshake fail. PROTO.NEGOTIATION_TAMPERED is registered and asserted by nothing.
M-P11-2	P11	core/twinvpn-crypto — handshake, transcript and capability negotiation	ADR-0014 §7.1 (T1-T5) + §7.2 — an on-path rewrite of the negotiation fails closed at the named layer	Transcript hash computed but not compared	No PROTO.TRANSCRIPT_MISMATCH; handshake completes	-	MISSING-UNIMPLEMENTED	an on-path rewriter in a transit namespace between two real agents; wire confirmation that each mutation reached the peer before the assertion is evaluated (V3); both directions, both families, 20 runs. M-P11-1 - "the single most important mutant in P11" - is asserted only structurally: no test rewrites both maxima and shows the handshake fail. PROTO.NEGOTIATION_TAMPERED is registered and asserted by nothing.
M-P11-3	P11	core/twinvpn-crypto — handshake, transcript and capability negotiation	ADR-0014 §7.1 (T1-T5) + §7.2 — an on-path rewrite of the negotiation fails closed at the named layer	S-37 floor writable downward by a peer's offer	Variant (d) succeeds and permanently lowers the floor	-	MISSING-UNIMPLEMENTED	an on-path rewriter in a transit namespace between two real agents; wire confirmation that each mutation reached the peer before the assertion is evaluated (V3); both directions, both families, 20 runs. M-P11-1 - "the single most important mutant in P11" - is asserted only structurally: no test rewrites both maxima and shows the handshake fail. PROTO.NEGOTIATION_TAMPERED is registered and asserted by nothing.
M-P11-4	P11	core/twinvpn-crypto — handshake, transcript and capability negotiation	ADR-0014 §7.1 (T1-T5) + §7.2 — an on-path rewrite of the negotiation fails closed at the named layer	Transcript mismatch classified as TRANSIENT and retried	The attack becomes a retry storm rather than a refusal; terminal assertion fails	-	MISSING-UNIMPLEMENTED	an on-path rewriter in a transit namespace between two real agents; wire confirmation that each mutation reached the peer before the assertion is evaluated (V3); both directions, both families, 20 runs. M-P11-1 - "the single most important mutant in P11" - is asserted only structurally: no test rewrites both maxima and shows the handshake fail. PROTO.NEGOTIATION_TAMPERED is registered and asserted by nothing.
M-P11-5	P11	core/twinvpn-crypto — handshake, transcript and capability negotiation	ADR-0014 §7.1 (T1-T5) + §7.2 — an on-path rewrite of the negotiation fails closed at the named layer	NegotiationConfirm accepted without comparison	T2/T3 still fail at the prologue layer, but the §7.2 layer-3 assertion fails — catching selection-function divergence that the wire layers cannot see	-	MISSING-UNIMPLEMENTED	an on-path rewriter in a transit namespace between two real agents; wire confirmation that each mutation reached the peer before the assertion is evaluated (V3); both directions, both families, 20 runs. M-P11-1 - "the single most important mutant in P11" - is asserted only structurally: no test rewrites both maxima and shows the handshake fail. PROTO.NEGOTIATION_TAMPERED is registered and asserted by nothing.
M-P12-1	P12	core/twinvpn-schema + the (absent) updater — version-relationship refusal	testing-strategy §4 (ADR-0014 N-30/N-31) — an unsupported version relationship is refused with a typed code and no resource growth	Refusal leaves the socket half-open	Resource baselines climb across the 100 attempts	-	MISSING-UNIMPLEMENTED	real binaries at two versions; a real updater and installer for variant (d); fd/RSS/conntrack sampling in a namespace across 100 attempts; a virtual clock for the 6h retry floor. There is no updater crate in the workspace.
M-P12-2	P12	core/twinvpn-schema + the (absent) updater — version-relationship refusal	testing-strategy §4 (ADR-0014 N-30/N-31) — an unsupported version relationship is refused with a typed code and no resource growth	Retry with ordinary backoff instead of the 6 h floor	Retry storm observed in the idle window	-	MISSING-UNIMPLEMENTED	real binaries at two versions; a real updater and installer for variant (d); fd/RSS/conntrack sampling in a namespace across 100 attempts; a virtual clock for the 6h retry floor. There is no updater crate in the workspace.
M-P12-3	P12	core/twinvpn-schema + the (absent) updater — version-relationship refusal	testing-strategy §4 (ADR-0014 N-30/N-31) — an unsupported version relationship is refused with a typed code and no resource growth	Bare numeric/errno surfaced instead of the typed code	Registry-keyed oracle fails; R-22 unmet	-	MISSING-UNIMPLEMENTED	real binaries at two versions; a real updater and installer for variant (d); fd/RSS/conntrack sampling in a namespace across 100 attempts; a virtual clock for the 6h retry floor. There is no updater crate in the workspace.
M-P12-4	P12	core/twinvpn-schema + the (absent) updater — version-relationship refusal	testing-strategy §4 (ADR-0014 N-30/N-31) — an unsupported version relationship is refused with a typed code and no resource growth	Rollback refused *after* the old binary runs	Variant (d) leaves a running binary that cannot connect and may read state it does not understand	-	MISSING-UNIMPLEMENTED	real binaries at two versions; a real updater and installer for variant (d); fd/RSS/conntrack sampling in a namespace across 100 attempts; a virtual clock for the 6h retry floor. There is no updater crate in the workspace.
M-P12-5	P12	core/twinvpn-schema + the (absent) updater — version-relationship refusal	testing-strategy §4 (ADR-0014 N-30/N-31) — an unsupported version relationship is refused with a typed code and no resource growth	Kill switch not engaged on version failure	Variant (e) leaves the derived aggregate at FAILED with traffic unprotected instead of raising it to BLOCKED	-	MISSING-UNIMPLEMENTED	real binaries at two versions; a real updater and installer for variant (d); fd/RSS/conntrack sampling in a namespace across 100 attempts; a virtual clock for the 6h retry floor. There is no updater crate in the workspace.
M-P13-1	P13	core/twinvpn-schema + tests/fuzz — the twelve-family parser inventory	ADR-0003 §11.7 — every parser family rejects hostile input with a typed outcome and no unclassified decode	Length prefix trusted for pre-allocation	OOM under the hostile/ corpus; allocator assertion fires	-	MISSING-UNIMPLEMENTED	ASan/UBSan/MSan builds; a continuous fuzz fleet with the §2.0 8 CPU-h budget; allocator instrumentation for the length-proportionality clause; live-component replay. Roughly 7 of the closed 12-entry parser inventory have coverage; families 2, 9, 10, 11 and 12 have no target.
M-P13-2	P13	core/twinvpn-schema + tests/fuzz — the twelve-family parser inventory	ADR-0003 §11.7 — every parser family rejects hostile input with a typed outcome and no unclassified decode	Signature verified over a re-encoded structure rather than received octets	A canonicalization variant is accepted	-	MISSING-UNIMPLEMENTED	ASan/UBSan/MSan builds; a continuous fuzz fleet with the §2.0 8 CPU-h budget; allocator instrumentation for the length-proportionality clause; live-component replay. Roughly 7 of the closed 12-entry parser inventory have coverage; families 2, 9, 10, 11 and 12 have no target.
M-P13-3	P13	core/twinvpn-schema + tests/fuzz — the twelve-family parser inventory	ADR-0003 §11.7 — every parser family rejects hostile input with a typed outcome and no unclassified decode	crit header ignored	An unrecognized critical field is accepted	-	MISSING-UNIMPLEMENTED	ASan/UBSan/MSan builds; a continuous fuzz fleet with the §2.0 8 CPU-h budget; allocator instrumentation for the length-proportionality clause; live-component replay. Roughly 7 of the closed 12-entry parser inventory have coverage; families 2, 9, 10, 11 and 12 have no target.
M-P13-4	P13	core/twinvpn-schema + tests/fuzz — the twelve-family parser inventory	ADR-0003 §11.7 — every parser family rejects hostile input with a typed outcome and no unclassified decode	Untyped rejection path (bare error) added to one parser	"Zero unclassified decode outcomes" fails	-	MISSING-UNIMPLEMENTED	ASan/UBSan/MSan builds; a continuous fuzz fleet with the §2.0 8 CPU-h budget; allocator instrumentation for the length-proportionality clause; live-component replay. Roughly 7 of the closed 12-entry parser inventory have coverage; families 2, 9, 10, 11 and 12 have no target.
M-P13-5	P13	core/twinvpn-schema + tests/fuzz — the twelve-family parser inventory	ADR-0003 §11.7 — every parser family rejects hostile input with a typed outcome and no unclassified decode	Partial application of a rejected control message	State changes after a rejection	-	MISSING-UNIMPLEMENTED	ASan/UBSan/MSan builds; a continuous fuzz fleet with the §2.0 8 CPU-h budget; allocator instrumentation for the length-proportionality clause; live-component replay. Roughly 7 of the closed 12-entry parser inventory have coverage; families 2, 9, 10, 11 and 12 have no target.
M-P14-1	P14	services/relay — the relay cannot decrypt	ADR-0005 §7.1 — no relay-held key material decrypts a single frame	RLK derived without domain separation from L-DATA	A key in the dump becomes an L-DATA input; step 5's inventory assertion fails and decryption succeeds	-	MISSING-UNIMPLEMENTED	root in a relay namespace with full core dumps; a memory scanner over the relay address space; a modified hoarding relay binary; two colluding relay instances; a marked high-entropy corpus. The three-element key inventory is asserted structurally; the executed enumeration over dumped key material, and every variant, is not.
M-P14-2	P14	services/relay — the relay cannot decrypt	ADR-0005 §7.1 — no relay-held key material decrypts a single frame	Relay terminates and re-originates the tunnel ("optimizing" relay)	Frames decrypt under K_leg; I1 violated	-	MISSING-UNIMPLEMENTED	root in a relay namespace with full core dumps; a memory scanner over the relay address space; a modified hoarding relay binary; two colluding relay instances; a marked high-entropy corpus. The three-element key inventory is asserted structurally; the executed enumeration over dumped key material, and every variant, is not.
M-P14-3	P14	services/relay — the relay cannot decrypt	ADR-0005 §7.1 — no relay-held key material decrypts a single frame	TwinNetPSK distributed to relays "for admission control"	Frames decrypt	-	MISSING-UNIMPLEMENTED	root in a relay namespace with full core dumps; a memory scanner over the relay address space; a modified hoarding relay binary; two colluding relay instances; a marked high-entropy corpus. The three-element key inventory is asserted structurally; the executed enumeration over dumped key material, and every variant, is not.
M-P14-4	P14	services/relay — the relay cannot decrypt	ADR-0005 §7.1 — no relay-held key material decrypts a single frame	pair_tag computed reversibly (peer ids concatenated rather than HKDF'd)	Inversion succeeds; TM-28 bound breached	-	MISSING-UNIMPLEMENTED	root in a relay namespace with full core dumps; a memory scanner over the relay address space; a modified hoarding relay binary; two colluding relay instances; a marked high-entropy corpus. The three-element key inventory is asserted structurally; the executed enumeration over dumped key material, and every variant, is not.
M-P15-1	P15	core workspace crate graph + core/twinvpn-cp-client — control-plane independence	ADR-0002 §11.8 — an established tunnel needs no control-plane call, and no data-plane crate links the control-plane client	Rekey fetches a fresh policy snapshot	Dependency assertion fires; sessions fail at first rekey under blackhole	-	MISSING-UNIMPLEMENTED	a real blackholed cp/rz/presence/rs deployment; a virtual clock over 4h and past 24h; a 16-peer gateway rig; instrumented zero-outbound-call counters. ADR-0002 states the static check COMPLEMENTS and does not replace the blackhole test, so I5 stays undischarged with only the T1 half green (blocker B-19's own wording).
M-P15-2	P15	core workspace crate graph + core/twinvpn-cp-client — control-plane independence	ADR-0002 §11.8 — an established tunnel needs no control-plane call, and no data-plane crate links the control-plane client	Relay failover consults the relay-selection service	Clause (c) fails	-	MISSING-UNIMPLEMENTED	a real blackholed cp/rz/presence/rs deployment; a virtual clock over 4h and past 24h; a 16-peer gateway rig; instrumented zero-outbound-call counters. ADR-0002 states the static check COMPLEMENTS and does not replace the blackhole test, so I5 stays undischarged with only the T1 half green (blocker B-19's own wording).
M-P15-3	P15	core workspace crate graph + core/twinvpn-cp-client — control-plane independence	ADR-0002 §11.8 — an established tunnel needs no control-plane call, and no data-plane crate links the control-plane client	Reconnect after process restart requires a control-plane call	Clause (d) fails	-	MISSING-UNIMPLEMENTED	a real blackholed cp/rz/presence/rs deployment; a virtual clock over 4h and past 24h; a 16-peer gateway rig; instrumented zero-outbound-call counters. ADR-0002 states the static check COMPLEMENTS and does not replace the blackhole test, so I5 stays undischarged with only the T1 half green (blocker B-19's own wording).
M-P15-4	P15	core workspace crate graph + core/twinvpn-cp-client — control-plane independence	ADR-0002 §11.8 — an established tunnel needs no control-plane call, and no data-plane crate links the control-plane client	TTL expiry tears down Sessions	Clause (a) fails at the 24 h band (§11.4, RQ-7)	-	MISSING-UNIMPLEMENTED	a real blackholed cp/rz/presence/rs deployment; a virtual clock over 4h and past 24h; a 16-peer gateway rig; instrumented zero-outbound-call counters. ADR-0002 states the static check COMPLEMENTS and does not replace the blackhole test, so I5 stays undischarged with only the T1 half green (blocker B-19's own wording).
M-P15-5	P15	core workspace crate graph + core/twinvpn-cp-client — control-plane independence	ADR-0002 §11.8 — an established tunnel needs no control-plane call, and no data-plane crate links the control-plane client	A policy *grant* survives expiry (fail-open on the authorization axis)	The asymmetry assertion fails	-	MISSING-UNIMPLEMENTED	a real blackholed cp/rz/presence/rs deployment; a virtual clock over 4h and past 24h; a 16-peer gateway rig; instrumented zero-outbound-call counters. ADR-0002 states the static check COMPLEMENTS and does not replace the blackhole test, so I5 stays undischarged with only the T1 half green (blocker B-19's own wording).
M-P15-6	P15	core workspace crate graph + core/twinvpn-cp-client — control-plane independence	ADR-0002 §11.8 — an established tunnel needs no control-plane call, and no data-plane crate links the control-plane client	CONTROL.UNREACHABLE surfaced as a terminal connection error	Clause (e) fails; the user is told the tunnel is broken when it is not	-	MISSING-UNIMPLEMENTED	a real blackholed cp/rz/presence/rs deployment; a virtual clock over 4h and past 24h; a 16-peer gateway rig; instrumented zero-outbound-call counters. ADR-0002 states the static check COMPLEMENTS and does not replace the blackhole test, so I5 stays undischarged with only the T1 half green (blocker B-19's own wording).
M-P15-7	P15	core workspace crate graph + core/twinvpn-cp-client — control-plane independence	ADR-0002 §11.8 — an established tunnel needs no control-plane call, and no data-plane crate links the control-plane client	A data-plane module links the control-plane client library (without yet calling it)	The T1 dependency-graph assertion fails at build time, before any runtime test runs — this mutant exists to prove the static check is live, since a passing blackhole test would not catch it	core::cargo run -q -p xtask -- lint	IMPLEMENTED	-
M-P15-8	P15	core workspace crate graph + core/twinvpn-cp-client — control-plane independence	ADR-0002 §11.8 — an established tunnel needs no control-plane call, and no data-plane crate links the control-plane client	Relay token renewal reintroduced as a control-plane call (the withdrawn 30-hour cliff)	The past-24 h variant loses every relayed pair at the cliff; A-13's strengthened half fails	-	MISSING-UNIMPLEMENTED	a real blackholed cp/rz/presence/rs deployment; a virtual clock over 4h and past 24h; a 16-peer gateway rig; instrumented zero-outbound-call counters. ADR-0002 states the static check COMPLEMENTS and does not replace the blackhole test, so I5 stays undischarged with only the T1 half green (blocker B-19's own wording).
M-P16-1	P16	shells/linux twinvpnd — client process and privilege separation	ADR-0016 §11.13 — enforcement survives the death of every unprivileged process and the privilege boundary holds	The authority exits when its last management client disconnects	A: the tunnel drops and, on platforms where the rule set is process-installed, the digest check has nothing to compare	-	MISSING-UNIMPLEMENTED	a second unprivileged OS principal and user logout; root-capable namespaces for tun/nftables/WFP writes; ptrace and LD_PRELOAD injection targets; a real supervisor with burst limits; a real installer and uninstaller; a reboot-capable VM; a monolithic positive-control build. Procedures B, C and D are not asserted at all.
M-P16-2	P16	shells/linux twinvpnd — client process and privilege separation	ADR-0016 §11.13 — enforcement survives the death of every unprivileged process and the privilege boundary holds	The management interface checks authorization at connect time only, not per action	B step 4 succeeds	-	MISSING-UNIMPLEMENTED	a second unprivileged OS principal and user logout; root-capable namespaces for tun/nftables/WFP writes; ptrace and LD_PRELOAD injection targets; a real supervisor with burst limits; a real installer and uninstaller; a reboot-capable VM; a monolithic positive-control build. Procedures B, C and D are not asserted at all.
M-P16-3	P16	shells/linux twinvpnd — client process and privilege separation	ADR-0016 §11.13 — enforcement survives the death of every unprivileged process and the privilege boundary holds	The tun descriptor is passed to the UI over SCM_RIGHTS/DuplicateHandle (PS-5 removed)	B step 1 succeeds	-	MISSING-UNIMPLEMENTED	a second unprivileged OS principal and user logout; root-capable namespaces for tun/nftables/WFP writes; ptrace and LD_PRELOAD injection targets; a real supervisor with burst limits; a real installer and uninstaller; a reboot-capable VM; a monolithic positive-control build. Procedures B, C and D are not asserted at all.
M-P16-4	P16	shells/linux twinvpnd — client process and privilege separation	ADR-0016 §11.13 — enforcement survives the death of every unprivileged process and the privilege boundary holds	Supervisor configured Restart=always with no burst limit	C never quarantines; the reboot boot-time budget is exceeded	-	MISSING-UNIMPLEMENTED	a second unprivileged OS principal and user logout; root-capable namespaces for tun/nftables/WFP writes; ptrace and LD_PRELOAD injection targets; a real supervisor with burst limits; a real installer and uninstaller; a reboot-capable VM; a monolithic positive-control build. Procedures B, C and D are not asserted at all.
M-P16-5	P16	shells/linux twinvpnd — client process and privilege separation	ADR-0016 §11.13 — enforcement survives the death of every unprivileged process and the privilege boundary holds	Uninstaller removes the rule set and the interface before restoring the resolver (PS-21 steps reordered)	D's interrupted variant leaves a host that is unprotected and cannot resolve — the exact R-27 defect	-	MISSING-UNIMPLEMENTED	a second unprivileged OS principal and user logout; root-capable namespaces for tun/nftables/WFP writes; ptrace and LD_PRELOAD injection targets; a real supervisor with burst limits; a real installer and uninstaller; a reboot-capable VM; a monolithic positive-control build. Procedures B, C and D are not asserted at all.
M-P16-6	P16	shells/linux twinvpnd — client process and privilege separation	ADR-0016 §11.13 — enforcement survives the death of every unprivileged process and the privilege boundary holds	The relay/rendezvous sockets are moved to an unprivileged helper (alternative C)	B step 6 succeeds, demonstrating that KS-10's argument is topology-dependent	-	MISSING-UNIMPLEMENTED	a second unprivileged OS principal and user logout; root-capable namespaces for tun/nftables/WFP writes; ptrace and LD_PRELOAD injection targets; a real supervisor with burst limits; a real installer and uninstaller; a reboot-capable VM; a monolithic positive-control build. Procedures B, C and D are not asserted at all.
M-P17-1	P17	core/twinvpn-mgmt + shells/linux twinvpnd/twinvpnctl — the local management interface	ADR-0017 §11.17 — R-21 parity: no control operation exists outside the MI catalogue, and scopes are enforced per request	One GUI-only IPC message bypassing the catalogue	Clause A: GUI_ops ⊄ CLI_ops	-	MISSING-UNIMPLEMENTED	built GUI surfaces on six platforms and their rendered accessibility trees; a marked traffic generator with wire capture; direct OS firewall readback for ruleset_digest; real host suspend and resume; a running agent to SIGSTOP; the N-2/N+1 skew matrix against real agents. The CLI_ops = catalogue_ops half is fully asserted; the GUI_ops half has no harness.
M-P17-2	P17	core/twinvpn-mgmt + shells/linux twinvpnd/twinvpnctl — the local management interface	ADR-0017 §11.17 — R-21 parity: no control operation exists outside the MI catalogue, and scopes are enforced per request	One CLI subcommand removed, catalogue entry retained	Clause A: CLI_ops ≠ catalogue_ops	-	MISSING-UNIMPLEMENTED	built GUI surfaces on six platforms and their rendered accessibility trees; a marked traffic generator with wire capture; direct OS firewall readback for ruleset_digest; real host suspend and resume; a running agent to SIGSTOP; the N-2/N+1 skew matrix against real agents. The CLI_ops = catalogue_ops half is fully asserted; the GUI_ops half has no harness.
M-P17-3	P17	core/twinvpn-mgmt + shells/linux twinvpnd/twinvpnctl — the local management interface	ADR-0017 §11.17 — R-21 parity: no control operation exists outside the MI catalogue, and scopes are enforced per request	Event emission changed to a blocking write	Clause B (iii): datapath stalls; marked-packet loss exceeds baseline	-	MISSING-UNIMPLEMENTED	built GUI surfaces on six platforms and their rendered accessibility trees; a marked traffic generator with wire capture; direct OS firewall readback for ruleset_digest; real host suspend and resume; a running agent to SIGSTOP; the N-2/N+1 skew matrix against real agents. The CLI_ops = catalogue_ops half is fully asserted; the GUI_ops half has no harness.
M-P17-4	P17	core/twinvpn-mgmt + shells/linux twinvpnd/twinvpnctl — the local management interface	ADR-0017 §11.17 — R-21 parity: no control operation exists outside the MI catalogue, and scopes are enforced per request	A state transition gated on a client acknowledgement	Clause B (i): transitions stall under SIGSTOP	-	MISSING-UNIMPLEMENTED	built GUI surfaces on six platforms and their rendered accessibility trees; a marked traffic generator with wire capture; direct OS firewall readback for ruleset_digest; real host suspend and resume; a running agent to SIGSTOP; the N-2/N+1 skew matrix against real agents. The CLI_ops = catalogue_ops half is fully asserted; the GUI_ops half has no harness.
M-P17-5	P17	core/twinvpn-mgmt + shells/linux twinvpnd/twinvpnctl — the local management interface	ADR-0017 §11.17 — R-21 parity: no control operation exists outside the MI catalogue, and scopes are enforced per request	mgmt.disarm grantable at attach	Clause C: ruleset_digest changes without an OS credential	-	MISSING-UNIMPLEMENTED	built GUI surfaces on six platforms and their rendered accessibility trees; a marked traffic generator with wire capture; direct OS firewall readback for ruleset_digest; real host suspend and resume; a running agent to SIGSTOP; the N-2/N+1 skew matrix against real agents. The CLI_ops = catalogue_ops half is fully asserted; the GUI_ops half has no harness.
M-P17-6	P17	core/twinvpn-mgmt + shells/linux twinvpnd/twinvpnctl — the local management interface	ADR-0017 §11.17 — R-21 parity: no control operation exists outside the MI catalogue, and scopes are enforced per request	Platform credential evaluated from a client-supplied field	Clause C: forged credential succeeds	-	MISSING-UNIMPLEMENTED	built GUI surfaces on six platforms and their rendered accessibility trees; a marked traffic generator with wire capture; direct OS firewall readback for ruleset_digest; real host suspend and resume; a running agent to SIGSTOP; the N-2/N+1 skew matrix against real agents. The CLI_ops = catalogue_ops half is fully asserted; the GUI_ops half has no harness.
M-P17-7	P17	core/twinvpn-mgmt + shells/linux twinvpnd/twinvpnctl — the local management interface	ADR-0017 §11.17 — R-21 parity: no control operation exists outside the MI catalogue, and scopes are enforced per request	Socket closed without a Reject on version mismatch	Clause D: no reject message observed client-side	shells/linux::cargo test -q -p twinvpnd --test mi_roundtrip a_version_mismatch_is_answered_before_the_close_never_silently	IMPLEMENTED	-
M-P17-8	P17	core/twinvpn-mgmt + shells/linux twinvpnd/twinvpnctl — the local management interface	ADR-0017 §11.17 — R-21 parity: no control operation exists outside the MI catalogue, and scopes are enforced per request	Catalogue cached across a reconnect	Clause D: a stale-catalogue operation is issued after upgrade	-	MISSING-UNIMPLEMENTED	built GUI surfaces on six platforms and their rendered accessibility trees; a marked traffic generator with wire capture; direct OS firewall readback for ruleset_digest; real host suspend and resume; a running agent to SIGSTOP; the N-2/N+1 skew matrix against real agents. The CLI_ops = catalogue_ops half is fully asserted; the GUI_ops half has no harness.
M-P17-9	P17	core/twinvpn-mgmt + shells/linux twinvpnd/twinvpnctl — the local management interface	ADR-0017 §11.17 — R-21 parity: no control operation exists outside the MI catalogue, and scopes are enforced per request	ADMINISTER credential cached across actions	Clause C: a replayed credential authorizes a second action	-	MISSING-UNIMPLEMENTED	built GUI surfaces on six platforms and their rendered accessibility trees; a marked traffic generator with wire capture; direct OS firewall readback for ruleset_digest; real host suspend and resume; a running agent to SIGSTOP; the N-2/N+1 skew matrix against real agents. The CLI_ops = catalogue_ops half is fully asserted; the GUI_ops half has no harness.
M-P17-10	P17	core/twinvpn-mgmt + shells/linux twinvpnd/twinvpnctl — the local management interface	ADR-0017 §11.17 — R-21 parity: no control operation exists outside the MI catalogue, and scopes are enforced per request	Unblock command removes the rule set before writing the UnblockRecord	Clause C: kill the process between the two steps; the restarted agent emits no MGMT.UNBLOCK_INVOKED and the act is silent	-	MISSING-UNIMPLEMENTED	built GUI surfaces on six platforms and their rendered accessibility trees; a marked traffic generator with wire capture; direct OS firewall readback for ruleset_digest; real host suspend and resume; a running agent to SIGSTOP; the N-2/N+1 skew matrix against real agents. The CLI_ops = catalogue_ops half is fully asserted; the GUI_ops half has no harness.
M-P17-11	P17	core/twinvpn-mgmt + shells/linux twinvpnd/twinvpnctl — the local management interface	ADR-0017 §11.17 — R-21 parity: no control operation exists outside the MI catalogue, and scopes are enforced per request	A killswitch.exempt register operation added to the catalogue	Clause A and the MI-11 assertion: a catalogue entry can place a caller's socket in the BOOTSTRAP class	-	MISSING-UNIMPLEMENTED	built GUI surfaces on six platforms and their rendered accessibility trees; a marked traffic generator with wire capture; direct OS firewall readback for ruleset_digest; real host suspend and resume; a running agent to SIGSTOP; the N-2/N+1 skew matrix against real agents. The CLI_ops = catalogue_ops half is fully asserted; the GUI_ops half has no harness.
M-P17-12	P17	core/twinvpn-mgmt + shells/linux twinvpnd/twinvpnctl — the local management interface	ADR-0017 §11.17 — R-21 parity: no control operation exists outside the MI catalogue, and scopes are enforced per request	as_of_ms stamped by the client on receipt instead of by the agent (MI-16)	Clause B (vi): age stays near zero while the agent is SIGSTOPped	-	MISSING-UNIMPLEMENTED	built GUI surfaces on six platforms and their rendered accessibility trees; a marked traffic generator with wire capture; direct OS firewall readback for ruleset_digest; real host suspend and resume; a running agent to SIGSTOP; the N-2/N+1 skew matrix against real agents. The CLI_ops = catalogue_ops half is fully asserted; the GUI_ops half has no harness.
M-P17-13	P17	core/twinvpn-mgmt + shells/linux twinvpnd/twinvpnctl — the local management interface	ADR-0017 §11.17 — R-21 parity: no control operation exists outside the MI catalogue, and scopes are enforced per request	as_of_ms taken from CLOCK_MONOTONIC instead of CLOCK_BOOTTIME (MI-16)	Clause B (vi): the suspend/resume variant reports an age excluding the suspended interval	shells/linux::cargo test -q -p twinvpnd --test mi_roundtrip mi16_as_of_ms_is_the_agents_boot_time_reading_not_the_clients	IMPLEMENTED	-
M-P17-14	P17	core/twinvpn-mgmt + shells/linux twinvpnd/twinvpnctl — the local management interface	ADR-0017 §11.17 — R-21 parity: no control operation exists outside the MI catalogue, and scopes are enforced per request	Diagnostic reduced to reason_code alone, attributes left to client-side registry lookup (MI-14)	Clause D: an N-1 client receiving an N-only code cannot select a POLICY-class affordance	-	MISSING-UNIMPLEMENTED	built GUI surfaces on six platforms and their rendered accessibility trees; a marked traffic generator with wire capture; direct OS firewall readback for ruleset_digest; real host suspend and resume; a running agent to SIGSTOP; the N-2/N+1 skew matrix against real agents. The CLI_ops = catalogue_ops half is fully asserted; the GUI_ops half has no harness.
M-P17-15	P17	core/twinvpn-mgmt + shells/linux twinvpnd/twinvpnctl — the local management interface	ADR-0017 §11.17 — R-21 parity: no control operation exists outside the MI catalogue, and scopes are enforced per request	A resolved summary string added to the Diagnostic envelope (MI-15)	Clause A and the MI-15 assertion: rendered text crosses MI	-	MISSING-UNIMPLEMENTED	built GUI surfaces on six platforms and their rendered accessibility trees; a marked traffic generator with wire capture; direct OS firewall readback for ruleset_digest; real host suspend and resume; a running agent to SIGSTOP; the N-2/N+1 skew matrix against real agents. The CLI_ops = catalogue_ops half is fully asserted; the GUI_ops half has no harness.
M-P17-16	P17	core/twinvpn-mgmt + shells/linux twinvpnd/twinvpnctl — the local management interface	ADR-0017 §11.17 — R-21 parity: no control operation exists outside the MI catalogue, and scopes are enforced per request	The CLI derives platform_ctx from its own build constants instead of HelloAck (MI-C3)	Clause A2: at an LT-3 variant boundary the GUI and CLI render different next actions on one host	-	MISSING-UNIMPLEMENTED	built GUI surfaces on six platforms and their rendered accessibility trees; a marked traffic generator with wire capture; direct OS firewall readback for ruleset_digest; real host suspend and resume; a running agent to SIGSTOP; the N-2/N+1 skew matrix against real agents. The CLI_ops = catalogue_ops half is fully asserted; the GUI_ops half has no harness.
M-P17-17	P17	core/twinvpn-mgmt + shells/linux twinvpnd/twinvpnctl — the local management interface	ADR-0017 §11.17 — R-21 parity: no control operation exists outside the MI catalogue, and scopes are enforced per request	The endpoint is socket-activated instead of agent-created (MI-A3)	Clause B: a client connection starts the agent, so the agent's lifetime is a function of client behaviour; and connecting while the agent is down succeeds then hangs instead of returning MGMT.UNAVAILABLE	-	MISSING-UNIMPLEMENTED	built GUI surfaces on six platforms and their rendered accessibility trees; a marked traffic generator with wire capture; direct OS firewall readback for ruleset_digest; real host suspend and resume; a running agent to SIGSTOP; the N-2/N+1 skew matrix against real agents. The CLI_ops = catalogue_ops half is fully asserted; the GUI_ops half has no harness.
M-P17-18	P17	core/twinvpn-mgmt + shells/linux twinvpnd/twinvpnctl — the local management interface	ADR-0017 §11.17 — R-21 parity: no control operation exists outside the MI catalogue, and scopes are enforced per request	The management channel stops answering while the agent is HELD or quarantined (MI-I5-5)	Clause B: the held device cannot be queried, so "blocked" is indistinguishable from "bricked"	-	MISSING-UNIMPLEMENTED	built GUI surfaces on six platforms and their rendered accessibility trees; a marked traffic generator with wire capture; direct OS firewall readback for ruleset_digest; real host suspend and resume; a running agent to SIGSTOP; the N-2/N+1 skew matrix against real agents. The CLI_ops = catalogue_ops half is fully asserted; the GUI_ops half has no harness.
M-P17-19	P17	core/twinvpn-mgmt + shells/linux twinvpnd/twinvpnctl — the local management interface	ADR-0017 §11.17 — R-21 parity: no control operation exists outside the MI catalogue, and scopes are enforced per request	An unserviceable cursor silently restarts the stream instead of emitting MGMT.RESYNC_REQUIRED (MI-9a)	Clause D: after an agent restart the client treats stale state as current with no signal	-	MISSING-UNIMPLEMENTED	built GUI surfaces on six platforms and their rendered accessibility trees; a marked traffic generator with wire capture; direct OS firewall readback for ruleset_digest; real host suspend and resume; a running agent to SIGSTOP; the N-2/N+1 skew matrix against real agents. The CLI_ops = catalogue_ops half is fully asserted; the GUI_ops half has no harness.
M-P18-1	P18	core/twinvpn-diag — the presentation catalogue and fallback chain	ADR-0019 §11.13 — every code renders three parts in every locale, surface and platform_ctx, including unknown codes	Catalogue miss falls back to the raw code string	Oracles 2, 4	-	MISSING-NO-ORACLE	unreachable on a plain runner: the generated catalogue covers every registered code (asserted by the_catalogue_covers_every_key_the_registry_names), so the catalogue-miss branch a raw-code fallback would expose cannot be entered without a catalogue-deletion harness that does not exist.
M-P18-2	P18	core/twinvpn-diag — the presentation catalogue and fallback chain	ADR-0019 §11.13 — every code renders three parts in every locale, surface and platform_ctx, including unknown codes	Part 2 sourced from a per-code string instead of the disposition table	Oracle 3, on any code injected in a non-default state	-	MISSING-UNIMPLEMENTED	built GUI surfaces for six targets, a pseudo-locale catalogue, and an image-diff/greyscale renderer. Per ADR-0019 this test needs NO DEVICE FARM once the surfaces exist - platform_ctx is a parameter - so it is the cheapest of the not-yet-runnable set. Only one locale ships (en.json), so the "every shipped locale" cross-product is currently degenerate. Oracles 3, 5, 6, 7 and 8 are not asserted.
M-P18-3	P18	core/twinvpn-diag — the presentation catalogue and fallback chain	ADR-0019 §11.13 — every code renders three parts in every locale, surface and platform_ctx, including unknown codes	Unknown code renders "Unknown error"	Oracle 4	-	MISSING-NO-ORACLE	no discriminating oracle: an_unknown_code_degrades_on_its_domain_with_attributes asserts only that the summary is non-empty and the rung is DomainFallback, both of which a literal Unknown error also satisfies. Needs the oracle-4 three-part assertion on the rendered surface.
M-P18-4	P18	core/twinvpn-diag — the presentation catalogue and fallback chain	ADR-0019 §11.13 — every code renders three parts in every locale, surface and platform_ctx, including unknown codes	Status indicator distinguished by colour only	Oracle 5	-	MISSING-UNIMPLEMENTED	built GUI surfaces for six targets, a pseudo-locale catalogue, and an image-diff/greyscale renderer. Per ADR-0019 this test needs NO DEVICE FARM once the surfaces exist - platform_ctx is a parameter - so it is the cheapest of the not-yet-runnable set. Only one locale ships (en.json), so the "every shipped locale" cross-product is currently degenerate. Oracles 3, 5, 6, 7 and 8 are not asserted.
M-P18-5	P18	core/twinvpn-diag — the presentation catalogue and fallback chain	ADR-0019 §11.13 — every code renders three parts in every locale, surface and platform_ctx, including unknown codes	One view-layer literal added — "Connection failed"	Oracle 7	-	MISSING-UNIMPLEMENTED	built GUI surfaces for six targets, a pseudo-locale catalogue, and an image-diff/greyscale renderer. Per ADR-0019 this test needs NO DEVICE FARM once the surfaces exist - platform_ctx is a parameter - so it is the cheapest of the not-yet-runnable set. Only one locale ships (en.json), so the "every shipped locale" cross-product is currently degenerate. Oracles 3, 5, 6, 7 and 8 are not asserted.
M-P18-6	P18	core/twinvpn-diag — the presentation catalogue and fallback chain	ADR-0019 §11.13 — every code renders three parts in every locale, surface and platform_ctx, including unknown codes	CLI given its own text table	Oracle 6	-	MISSING-UNIMPLEMENTED	built GUI surfaces for six targets, a pseudo-locale catalogue, and an image-diff/greyscale renderer. Per ADR-0019 this test needs NO DEVICE FARM once the surfaces exist - platform_ctx is a parameter - so it is the cheapest of the not-yet-runnable set. Only one locale ships (en.json), so the "every shipped locale" cross-product is currently degenerate. Oracles 3, 5, 6, 7 and 8 are not asserted.
M-P18-7	P18	core/twinvpn-diag — the presentation catalogue and fallback chain	ADR-0019 §11.13 — every code renders three parts in every locale, surface and platform_ctx, including unknown codes	user_actionable == false renders an empty part 3	Oracle 1	-	MISSING-NO-ORACLE	no discriminating oracle: the product itself returns no part 3 for a registered non-user-actionable code, so oracle 1 as asserted today (lt_3c) is scoped to user_actionable codes and cannot see this defect. Needs oracle 1's full three-part rendering assertion across a built surface.
M-P18-8	P18	core/twinvpn-diag — the presentation catalogue and fallback chain	ADR-0019 §11.13 — every code renders three parts in every locale, surface and platform_ctx, including unknown codes	POLICY-class items become dismissible to invisible	Oracle 8	-	MISSING-UNIMPLEMENTED	built GUI surfaces for six targets, a pseudo-locale catalogue, and an image-diff/greyscale renderer. Per ADR-0019 this test needs NO DEVICE FARM once the surfaces exist - platform_ctx is a parameter - so it is the cheapest of the not-yet-runnable set. Only one locale ships (en.json), so the "every shipped locale" cross-product is currently degenerate. Oracles 3, 5, 6, 7 and 8 are not asserted.
M-P18-9	P18	core/twinvpn-diag — the presentation catalogue and fallback chain	ADR-0019 §11.13 — every code renders three parts in every locale, surface and platform_ctx, including unknown codes	Empty platform_ctx falls back to the host's platform	Oracle 9 — the run on a Linux runner returns the Linux variant where the neutral one is required	core::cargo test -q -p twinvpn-diag lt_3b_an_empty_platform_context_never_falls_back_to_a_host_platform	IMPLEMENTED	-
M-P18-10	P18	core/twinvpn-diag — the presentation catalogue and fallback chain	ADR-0019 §11.13 — every code renders three parts in every locale, surface and platform_ctx, including unknown codes	One code's neutral variant deleted from the catalogue	Oracle 9's completeness clause; part 3 comes back empty, which oracle 1 also catches	core::cargo test -q -p twinvpn-diag lt_3c_every_user_actionable_code_has_a_neutral_next_action	IMPLEMENTED	-
M-P19-1	P19	core/twinvpn-store — local persistence and secure storage	ADR-0020 §15 / §11.17 — local state cannot be rolled back and the custody flag cannot overstate custody	Floors kept only in the vault (M1 alone; anchor never written)	Oracle (a) and (b) fail: A comes up at e0 and C connects	core::cargo test -q -p twinvpn-store --test ladder a_restored_older_vault_cannot_lower_the_trust_epoch	IMPLEMENTED	-
M-P19-2	P19	core/twinvpn-store — local persistence and secure storage	ADR-0020 §15 / §11.17 — local state cannot be rolled back and the custody flag cannot overstate custody	L3 corruption recovery re-seeds floors from the quarantined vault instead of Tier 1	The corruption-injection variant lands at e0; (b) fails	core::cargo test -q -p twinvpn-store --test ladder a_corrupt_vault_is_quarantined_and_the_floors_come_from_tier_1	IMPLEMENTED	-
M-P19-3	P19	core/twinvpn-store — local persistence and secure storage	ADR-0020 §15 / §11.17 — local state cannot be rolled back and the custody flag cannot overstate custody	ST-23 reordered so the anchor is written after the vault commit	Crash injected between the two: the floor is lost, (b) fails	-	MISSING-NO-ORACLE	not catchable by the runnable oracle: a_crash_between_the_anchor_write_and_the_vault_commit_is_treated_as_a_rollback manufactures the interrupted anchor by hand rather than driving commit(), so reordering ST-23 steps 3 and 5 in the product is invisible to it. Needs a crash-injection seam inside commit().
M-P19-4	P19	core/twinvpn-store — local persistence and secure storage	ADR-0020 §15 / §11.17 — local state cannot be rolled back and the custody flag cannot overstate custody	Anchor stored in a plain file beside the vault instead of co-located in Tier 1	Variant 2 fails: A comes up with a working identity at e0	-	MISSING-NO-ORACLE	not catchable by the runnable oracle: the anchor's location is a Fixture concern in the test harness, so moving it to a plain file beside the vault would need the harness's delete_anchor() to change with it. Needs a store-layout-parameterised fixture.
M-P19-5	P19	core/twinvpn-store — local persistence and secure storage	ADR-0020 §15 / §11.17 — local state cannot be rolled back and the custody flag cannot overstate custody	STORE.ROLLBACK_DETECTED emitted but granted_authority_suspended never set	(d) fails: C obtains egress through B	core::cargo test -q -p twinvpn-store --test ladder a_restored_older_vault_cannot_lower_the_trust_epoch	IMPLEMENTED	-
M-P19-6	P19	core/twinvpn-store — local persistence and secure storage	ADR-0020 §15 / §11.17 — local state cannot be rolled back and the custody flag cannot overstate custody	Store-open failure path tears down established Sessions	(e) fails: the A↔B flow breaks (I5)	-	MISSING-NO-ORACLE	oracle (e) session survival is not asserted anywhere: twinvpn-store returns typed outcomes and the composition root owns Session teardown, so no runnable test observes a store-open failure reaching a Session.
M-P20-1	P20	packaging/updates — NO CRATE EXISTS in this workspace	ADR-0021 §11.17 — artifact integrity, rollback refusal and protection continuity across a real apply	Manifest signature verified, artifact digest not	A-2 installs a mutated artifact	-	MISSING-NO-ORACLE	a controlled update origin; a controlled transparency log with inclusion proofs; real signed artifacts and platform signatures; an exec-audit channel; VM power-cut at each S-60 phase boundary; 1ms enforcement sampling. There is no updater crate, no manifest type, no S-60 journal and no UPDATE.* emitter anywhere in the tree, so nothing is asserted. M-P20-7's U-22 dependency edge is the one mutant here that WOULD run on a plain runner today: it is one function beside cd_i5 in core/xtask, and it does not exist.
M-P20-2	P20	packaging/updates — NO CRATE EXISTS in this workspace	ADR-0021 §11.17 — artifact integrity, rollback refusal and protection continuity across a real apply	No monotonic high-water on manifest_version	B-1 installs the replayed manifest	-	MISSING-NO-ORACLE	a controlled update origin; a controlled transparency log with inclusion proofs; real signed artifacts and platform signatures; an exec-audit channel; VM power-cut at each S-60 phase boundary; 1ms enforcement sampling. There is no updater crate, no manifest type, no S-60 journal and no UPDATE.* emitter anywhere in the tree, so nothing is asserted. M-P20-7's U-22 dependency edge is the one mutant here that WOULD run on a plain runner today: it is one function beside cd_i5 in core/xtask, and it does not exist.
M-P20-3	P20	packaging/updates — NO CRATE EXISTS in this workspace	ADR-0021 §11.17 — artifact integrity, rollback refusal and protection continuity across a real apply	Apply removes the rule set then re-adds it (KS-23 violation)	C shows a sampled gap. Shared with M-P09-3 — declared here so the sharing is explicit and not a hidden duplicate	-	SHARED-WITH:M-P09-3	SHARED with M-P09-3 by §4.3's declaration; it is one patch, not two, and neither is on disk. Both wait on P09's atomic-swap procedure C rig.
M-P20-4	P20	packaging/updates — NO CRATE EXISTS in this workspace	ADR-0021 §11.17 — artifact integrity, rollback refusal and protection continuity across a real apply	Apply deletes the local store instead of migrating	D loses the store; the identity handshake fails	-	MISSING-NO-ORACLE	a controlled update origin; a controlled transparency log with inclusion proofs; real signed artifacts and platform signatures; an exec-audit channel; VM power-cut at each S-60 phase boundary; 1ms enforcement sampling. There is no updater crate, no manifest type, no S-60 journal and no UPDATE.* emitter anywhere in the tree, so nothing is asserted. M-P20-7's U-22 dependency edge is the one mutant here that WOULD run on a plain runner today: it is one function beside cd_i5 in core/xtask, and it does not exist.
M-P20-5	P20	packaging/updates — NO CRATE EXISTS in this workspace	ADR-0021 §11.17 — artifact integrity, rollback refusal and protection continuity across a real apply	Inclusion-proof check skipped when the log is unreachable (fail-open)	A-4 installs	-	MISSING-NO-ORACLE	a controlled update origin; a controlled transparency log with inclusion proofs; real signed artifacts and platform signatures; an exec-audit channel; VM power-cut at each S-60 phase boundary; 1ms enforcement sampling. There is no updater crate, no manifest type, no S-60 journal and no UPDATE.* emitter anywhere in the tree, so nothing is asserted. M-P20-7's U-22 dependency edge is the one mutant here that WOULD run on a plain runner today: it is one function beside cd_i5 in core/xtask, and it does not exist.
M-P20-6	P20	packaging/updates — NO CRATE EXISTS in this workspace	ADR-0021 §11.17 — artifact integrity, rollback refusal and protection continuity across a real apply	The MSPV gate runs after the binary starts rather than before	B-3's exec audit shows the old binary executed	-	MISSING-NO-ORACLE	a controlled update origin; a controlled transparency log with inclusion proofs; real signed artifacts and platform signatures; an exec-audit channel; VM power-cut at each S-60 phase boundary; 1ms enforcement sampling. There is no updater crate, no manifest type, no S-60 journal and no UPDATE.* emitter anywhere in the tree, so nothing is asserted. M-P20-7's U-22 dependency edge is the one mutant here that WOULD run on a plain runner today: it is one function beside cd_i5 in core/xtask, and it does not exist.
M-P20-7	P20	packaging/updates — NO CRATE EXISTS in this workspace	ADR-0021 §11.17 — artifact integrity, rollback refusal and protection continuity across a real apply	The updater module is linked from the connection state machine	The §11.9 U-22 build-time dependency assertion fails in T1	-	MISSING-UNIMPLEMENTED	the only P20 mutant that WOULD run on a plain runner today: it needs a U-22 build-time dependency assertion beside cd_i5 in core/xtask, which does not exist. core/ is outside this owner's write scope, so the check must be added by the core owner before the mutant can be written.
M-P21-1	P21	core/twinvpn-core lifecycle — application lifecycle and background execution	ADR-0022 §11.12 — protected, unattended resume from every termination class	Rehydration starts network activity before the enforcement query (LC-4 steps 3–4 moved after step 11)	Oracle 1: marked packets on the physical interface during the start window	-	MISSING-UNIMPLEMENTED	real OS termination injection (SIGKILL, OS memory termination, force-stop, reboot, hibernate); OS-owned start triggers; OS tombstones and core files to grep; per-interface capture in a device namespace; 20 runs per platform per cell. Oracle 6 - the 32-byte SecretArena canary that converts threat-model §9 from an intention into a test - has no implementation to assert against: no SecretArena type exists.
M-P21-2	P21	core/twinvpn-core lifecycle — application lifecycle and background execution	ADR-0022 §11.12 — protected, unattended resume from every termination class	Restart resets every peer to DISCONNECTED	Oracle 2	-	MISSING-UNIMPLEMENTED	real OS termination injection (SIGKILL, OS memory termination, force-stop, reboot, hibernate); OS-owned start triggers; OS tombstones and core files to grep; per-interface capture in a device namespace; 20 runs per platform per cell. Oracle 6 - the 32-byte SecretArena canary that converts threat-model §9 from an intention into a test - has no implementation to assert against: no SecretArena type exists.
M-P21-3	P21	core/twinvpn-core lifecycle — application lifecycle and background execution	ADR-0022 §11.12 — protected, unattended resume from every termination class	Crash-loop containment removes the rule set to "recover"	Oracle 1 and oracle 5	-	MISSING-UNIMPLEMENTED	real OS termination injection (SIGKILL, OS memory termination, force-stop, reboot, hibernate); OS-owned start triggers; OS tombstones and core files to grep; per-interface capture in a device namespace; 20 runs per platform per cell. Oracle 6 - the 32-byte SecretArena canary that converts threat-model §9 from an intention into a test - has no implementation to assert against: no SecretArena type exists.
M-P21-4	P21	core/twinvpn-core lifecycle — application lifecycle and background execution	ADR-0022 §11.12 — protected, unattended resume from every termination class	A transport key allocated outside the SecretArena	Oracle 6: the canary appears in a crash artifact	-	MISSING-UNIMPLEMENTED	real OS termination injection (SIGKILL, OS memory termination, force-stop, reboot, hibernate); OS-owned start triggers; OS tombstones and core files to grep; per-interface capture in a device namespace; 20 runs per platform per cell. Oracle 6 - the 32-byte SecretArena canary that converts threat-model §9 from an intention into a test - has no implementation to assert against: no SecretArena type exists.
M-P21-5	P21	core/twinvpn-core lifecycle — application lifecycle and background execution	ADR-0022 §11.12 — protected, unattended resume from every termination class	N_LIFECYCLE_APPLY_MAX removed	Oracle 5	-	MISSING-UNIMPLEMENTED	real OS termination injection (SIGKILL, OS memory termination, force-stop, reboot, hibernate); OS-owned start triggers; OS tombstones and core files to grep; per-interface capture in a device namespace; 20 runs per platform per cell. Oracle 6 - the 32-byte SecretArena canary that converts threat-model §9 from an intention into a test - has no implementation to assert against: no SecretArena type exists.
M-P21-6	P21	core/twinvpn-core lifecycle — application lifecycle and background execution	ADR-0022 §11.12 — protected, unattended resume from every termination class	UI disconnect tears down the tunnel (alternative E reintroduced)	Oracle 1 in the UI-kill variant; PLATFORM.LIFECYCLE.UI_DETACHED followed by a teardown transition	-	MISSING-UNIMPLEMENTED	real OS termination injection (SIGKILL, OS memory termination, force-stop, reboot, hibernate); OS-owned start triggers; OS tombstones and core files to grep; per-interface capture in a device namespace; 20 runs per platform per cell. Oracle 6 - the 32-byte SecretArena canary that converts threat-model §9 from an intention into a test - has no implementation to assert against: no SecretArena type exists.
M-P22-1	P22	the H-EMB embedded profile — NO OpenWrt BUILD EXISTS in this workspace	ADR-0023 §11.21 — the embedded profile meets its declared envelope on real GC-0/GC-0U hardware	Headless enrolment falls back to C-A whenever no camera is present	Method assertion fails; enrolment entropy drops to ~2^29.9	-	MISSING-NO-ORACLE	real GC-0 and GC-0U OpenWrt hardware (single/dual-core ath79, 128MB RAM, 16MB flash, JFFS2); fw4, netifd, logd and mtdblock; a paired admin device with a camera and an OSK holding ENROLL; cgroup OOM squeeze; flash-fill. Nothing in the repo builds or runs an OpenWrt image, and no test runs against an H-EMB build, so the two adjacent fragments (catalogue parity, gateway multi-peer) are not P22 evidence. Nine of eleven mutants have no assertion of any kind.
M-P22-2	P22	the H-EMB embedded profile — NO OpenWrt BUILD EXISTS in this workspace	ADR-0023 §11.21 — the embedded profile meets its declared envelope on real GC-0/GC-0U hardware	The PairingOffer is logged at DEBUG	The byte-search oracle hits in logread and in the flash image	-	MISSING-NO-ORACLE	real GC-0 and GC-0U OpenWrt hardware (single/dual-core ath79, 128MB RAM, 16MB flash, JFFS2); fw4, netifd, logd and mtdblock; a paired admin device with a camera and an OSK holding ENROLL; cgroup OOM squeeze; flash-fill. Nothing in the repo builds or runs an OpenWrt image, and no test runs against an H-EMB build, so the two adjacent fragments (catalogue parity, gateway multi-peer) are not P22 evidence. Nine of eleven mutants have no assertion of any kind.
M-P22-3	P22	the H-EMB embedded profile — NO OpenWrt BUILD EXISTS in this workspace	ADR-0023 §11.21 — the embedded profile meets its declared envelope on real GC-0/GC-0U hardware	Unknown config keys are ignored rather than rejected	A deliberately misspelled kill_swtich key is silently dropped; the asserted posture differs from the declared one	-	MISSING-NO-ORACLE	real GC-0 and GC-0U OpenWrt hardware (single/dual-core ath79, 128MB RAM, 16MB flash, JFFS2); fw4, netifd, logd and mtdblock; a paired admin device with a camera and an OSK holding ENROLL; cgroup OOM squeeze; flash-fill. Nothing in the repo builds or runs an OpenWrt image, and no test runs against an H-EMB build, so the two adjacent fragments (catalogue parity, gateway multi-peer) are not P22 evidence. Nine of eleven mutants have no assertion of any kind.
M-P22-4	P22	the H-EMB embedded profile — NO OpenWrt BUILD EXISTS in this workspace	ADR-0023 §11.21 — the embedded profile meets its declared envelope on real GC-0/GC-0U hardware	The boot ruleset is installed by the daemon instead of by fw4	(b)'s timestamp-ordering assertion fails; protected bytes egress in the boot window	-	MISSING-NO-ORACLE	real GC-0 and GC-0U OpenWrt hardware (single/dual-core ath79, 128MB RAM, 16MB flash, JFFS2); fw4, netifd, logd and mtdblock; a paired admin device with a camera and an OSK holding ENROLL; cgroup OOM squeeze; flash-fill. Nothing in the repo builds or runs an OpenWrt image, and no test runs against an H-EMB build, so the two adjacent fragments (catalogue parity, gateway multi-peer) are not P22 evidence. Nine of eleven mutants have no assertion of any kind.
M-P22-5	P22	the H-EMB embedded profile — NO OpenWrt BUILD EXISTS in this workspace	ADR-0023 §11.21 — the embedded profile meets its declared envelope on real GC-0/GC-0U hardware	Memory shedding disconnects the least recently active peer	The 16-stable-session_id assertion fails; I7 violated	-	MISSING-NO-ORACLE	real GC-0 and GC-0U OpenWrt hardware (single/dual-core ath79, 128MB RAM, 16MB flash, JFFS2); fw4, netifd, logd and mtdblock; a paired admin device with a camera and an OSK holding ENROLL; cgroup OOM squeeze; flash-fill. Nothing in the repo builds or runs an OpenWrt image, and no test runs against an H-EMB build, so the two adjacent fragments (catalogue parity, gateway multi-peer) are not P22 evidence. Nine of eleven mutants have no assertion of any kind.
M-P22-6	P22	the H-EMB embedded profile — NO OpenWrt BUILD EXISTS in this workspace	ADR-0023 §11.21 — the embedded profile meets its declared envelope on real GC-0/GC-0U hardware	The watchdog is fed from a timer thread rather than a fresh ProtectionAssertion	With the reconciler wedged, no restart occurs and the indicator stays PROTECTED	-	MISSING-NO-ORACLE	real GC-0 and GC-0U OpenWrt hardware (single/dual-core ath79, 128MB RAM, 16MB flash, JFFS2); fw4, netifd, logd and mtdblock; a paired admin device with a camera and an OSK holding ENROLL; cgroup OOM squeeze; flash-fill. Nothing in the repo builds or runs an OpenWrt image, and no test runs against an H-EMB build, so the two adjacent fragments (catalogue parity, gateway multi-peer) are not P22 evidence. Nine of eleven mutants have no assertion of any kind.
M-P22-7	P22	the H-EMB embedded profile — NO OpenWrt BUILD EXISTS in this workspace	ADR-0023 §11.21 — the embedded profile meets its declared envelope on real GC-0/GC-0U hardware	BLOCKED auto-releases after ten minutes on an unattended device	The BLOCKED-exit assertion fires with no path restoration	-	MISSING-NO-ORACLE	real GC-0 and GC-0U OpenWrt hardware (single/dual-core ath79, 128MB RAM, 16MB flash, JFFS2); fw4, netifd, logd and mtdblock; a paired admin device with a camera and an OSK holding ENROLL; cgroup OOM squeeze; flash-fill. Nothing in the repo builds or runs an OpenWrt image, and no test runs against an H-EMB build, so the two adjacent fragments (catalogue parity, gateway multi-peer) are not P22 evidence. Nine of eleven mutants have no assertion of any kind.
M-P22-8	P22	the H-EMB embedded profile — NO OpenWrt BUILD EXISTS in this workspace	ADR-0023 §11.21 — the embedded profile meets its declared envelope on real GC-0/GC-0U hardware	The Tier-0 ledger is written to /overlay	The flash-write-rate assertion fails by orders of magnitude	-	MISSING-NO-ORACLE	real GC-0 and GC-0U OpenWrt hardware (single/dual-core ath79, 128MB RAM, 16MB flash, JFFS2); fw4, netifd, logd and mtdblock; a paired admin device with a camera and an OSK holding ENROLL; cgroup OOM squeeze; flash-fill. Nothing in the repo builds or runs an OpenWrt image, and no test runs against an H-EMB build, so the two adjacent fragments (catalogue parity, gateway multi-peer) are not P22 evidence. Nine of eleven mutants have no assertion of any kind.
M-P22-9	P22	the H-EMB embedded profile — NO OpenWrt BUILD EXISTS in this workspace	ADR-0023 §11.21 — the embedded profile meets its declared envelope on real GC-0/GC-0U hardware	The bundle transcript is rendered from the raw ledger rather than the redacted artifact	diag preview is not byte-identical, and a SENSITIVE value appears in the transcript but not in the bundle	-	MISSING-NO-ORACLE	real GC-0 and GC-0U OpenWrt hardware (single/dual-core ath79, 128MB RAM, 16MB flash, JFFS2); fw4, netifd, logd and mtdblock; a paired admin device with a camera and an OSK holding ENROLL; cgroup OOM squeeze; flash-fill. Nothing in the repo builds or runs an OpenWrt image, and no test runs against an H-EMB build, so the two adjacent fragments (catalogue parity, gateway multi-peer) are not P22 evidence. Nine of eleven mutants have no assertion of any kind.
M-P22-10	P22	the H-EMB embedded profile — NO OpenWrt BUILD EXISTS in this workspace	ADR-0023 §11.21 — the embedded profile meets its declared envelope on real GC-0/GC-0U hardware	A capability compiled out of H-EMB is still advertised in the catalogue and in S-19, and fails at call time	The profile-parity assertion finds an advertised operation that cannot succeed (EM-4)	-	MISSING-NO-ORACLE	real GC-0 and GC-0U OpenWrt hardware (single/dual-core ath79, 128MB RAM, 16MB flash, JFFS2); fw4, netifd, logd and mtdblock; a paired admin device with a camera and an OSK holding ENROLL; cgroup OOM squeeze; flash-fill. Nothing in the repo builds or runs an OpenWrt image, and no test runs against an H-EMB build, so the two adjacent fragments (catalogue parity, gateway multi-peer) are not P22 evidence. Nine of eleven mutants have no assertion of any kind.
M-P22-11	P22	the H-EMB embedded profile — NO OpenWrt BUILD EXISTS in this workspace	ADR-0023 §11.21 — the embedded profile meets its declared envelope on real GC-0/GC-0U hardware	The netifd proto handler is dropped and the interface is created directly	A simulated WAN flap tears the interface down; PLATFORM.EMBEDDED.NETIFD_TEARDOWN never fires because nothing is registered, and the route set is deleted by netifd	-	MISSING-NO-ORACLE	real GC-0 and GC-0U OpenWrt hardware (single/dual-core ath79, 128MB RAM, 16MB flash, JFFS2); fw4, netifd, logd and mtdblock; a paired admin device with a camera and an OSK holding ENROLL; cgroup OOM squeeze; flash-fill. Nothing in the repo builds or runs an OpenWrt image, and no test runs against an H-EMB build, so the two adjacent fragments (catalogue parity, gateway multi-peer) are not P22 evidence. Nine of eleven mutants have no assertion of any kind.
